listing_id,true_sku_id,product_line_id,item_kind
LST00001,L001-V01,L001,product
LST00002,L001-V01,L001,product
LST00003,L001-V01,L001,product
LST00004,L001-V01,L001,product
LST00005,L001-V01,L001,product
LST00006,L001-V02,L001,product
LST00007,L001-V02,L001,product
LST00008,L001-V02,L001,product
LST00009,L001-V02,L001,product
LST00010,L001-V02,L001,product
LST00011,L001-V02,L001,product
LST00012,L001-V03,L001,product
LST00013,L001-V03,L001,product
LST00014,L001-V03,L001,product
LST00015,L001-V03,L001,product
LST00016,L001-V03,L001,product
LST00017,L001-V04,L001,product
LST00018,L001-V04,L001,product
LST00019,L001-V04,L001,product
LST00020,L001-V05,L001,product
LST00021,L001-V05,L001,product
LST00022,L001-V05,L001,product
LST00023,L001-V05,L001,product
LST00024,L001-V05,L001,product
LST00025,L001-V06,L001,product
LST00026,L001-V06,L001,product
LST00027,L001-V06,L001,product
LST00028,L001-V06,L001,product
LST00029,L001-V06,L001,product
LST00030,L001-V07,L001,product
LST00031,L001-V07,L001,product
LST00032,L001-V07,L001,product
LST00033,L001-V07,L001,product
LST00034,L001-V07,L001,product
LST00035,L001-V08,L001,product
LST00036,L001-V08,L001,product
LST00037,L001-V08,L001,product
LST00038,L001-V08,L001,product
LST00039,L001-V09,L001,product
LST00040,L001-V09,L001,product
LST00041,L001-V09,L001,product
LST00042,L001-V09,L001,product
LST00043,L002-V01,L002,product
LST00044,L002-V01,L002,product
LST00045,L002-V01,L002,product
LST00046,L002-V01,L002,product
LST00047,L002-V02,L002,product
LST00048,L002-V02,L002,product
LST00049,L002-V02,L002,product
LST00050,L002-V02,L002,product
LST00051,L002-V03,L002,product
LST00052,L002-V03,L002,product
LST00053,L002-V03,L002,product
LST00054,L002-V03,L002,product
LST00055,L002-V03,L002,product
LST00056,L002-V03,L002,product
LST00057,L002-V04,L002,product
LST00058,L002-V04,L002,product
LST00059,L002-V04,L002,product
LST00060,L002-V04,L002,product
LST00061,L002-V04,L002,product
LST00062,L002-V05,L002,product
LST00063,L002-V05,L002,product
LST00064,L002-V05,L002,product
LST00065,L002-V05,L002,product
LST00066,L002-V06,L002,product
LST00067,L002-V06,L002,product
LST00068,L002-V06,L002,product
LST00069,L002-V06,L002,product
LST00070,L002-V06,L002,product
LST00071,L003-V01,L003,product
LST00072,L003-V01,L003,product
LST00073,L003-V01,L003,product
LST00074,L003-V01,L003,product
LST00075,L003-V02,L003,product
LST00076,L003-V02,L003,product
LST00077,L003-V02,L003,product
LST00078,L003-V02,L003,product
LST00079,L003-V03,L003,product
LST00080,L003-V03,L003,product
LST00081,L003-V03,L003,product
LST00082,L003-V03,L003,product
LST00083,L003-V03,L003,product
LST00084,L003-V03,L003,product
LST00085,L003-V03,L003,product
LST00086,L003-V04,L003,product
LST00087,L003-V04,L003,product
LST00088,L003-V04,L003,product
LST00089,L003-V05,L003,product
LST00090,L003-V05,L003,product
LST00091,L003-V05,L003,product
LST00092,L003-V05,L003,product
LST00093,L003-V05,L003,product
LST00094,L003-V05,L003,product
LST00095,L003-V06,L003,product
LST00096,L003-V06,L003,product
LST00097,L003-V06,L003,product
LST00098,L003-V06,L003,product
LST00099,L004-V01,L004,product
LST00100,L004-V01,L004,product
LST00101,L004-V01,L004,product
LST00102,L004-V01,L004,product
LST00103,L004-V02,L004,product
LST00104,L004-V02,L004,product
LST00105,L004-V02,L004,product
LST00106,L004-V02,L004,product
LST00107,L004-V02,L004,product
LST00108,L004-V02,L004,product
LST00109,L004-V02,L004,product
LST00110,L004-V03,L004,product
LST00111,L004-V03,L004,product
LST00112,L004-V03,L004,product
LST00113,L004-V03,L004,product
LST00114,L004-V03,L004,product
LST00115,L004-V04,L004,product
LST00116,L004-V04,L004,product
LST00117,L004-V04,L004,product
LST00118,L004-V04,L004,product
LST00119,L004-V04,L004,product
LST00120,L004-V04,L004,product
LST00121,L004-V05,L004,product
LST00122,L004-V05,L004,product
LST00123,L004-V06,L004,product
LST00124,L004-V06,L004,product
LST00125,L004-V06,L004,product
LST00126,L004-V06,L004,product
LST00127,L004-V06,L004,product
LST00128,L004-V06,L004,product
LST00129,L004-V06,L004,product
LST00130,L005-V01,L005,product
LST00131,L005-V01,L005,product
LST00132,L005-V01,L005,product
LST00133,L005-V01,L005,product
LST00134,L005-V01,L005,product
LST00135,L005-V02,L005,product
LST00136,L005-V02,L005,product
LST00137,L005-V02,L005,product
LST00138,L005-V02,L005,product
LST00139,L005-V02,L005,product
LST00140,L005-V03,L005,product
LST00141,L005-V03,L005,product
LST00142,L005-V03,L005,product
LST00143,L005-V03,L005,product
LST00144,L005-V03,L005,product
LST00145,L005-V04,L005,product
LST00146,L005-V04,L005,product
LST00147,L005-V04,L005,product
LST00148,L005-V04,L005,product
LST00149,L005-V04,L005,product
LST00150,L005-V05,L005,product
LST00151,L005-V05,L005,product
LST00152,L005-V05,L005,product
LST00153,L005-V05,L005,product
LST00154,L005-V05,L005,product
LST00155,L005-V06,L005,product
LST00156,L005-V06,L005,product
LST00157,L005-V06,L005,product
LST00158,L005-V07,L005,product
LST00159,L005-V07,L005,product
LST00160,L005-V07,L005,product
LST00161,L005-V07,L005,product
LST00162,L005-V07,L005,product
LST00163,L005-V08,L005,product
LST00164,L005-V08,L005,product
LST00165,L005-V08,L005,product
LST00166,L005-V08,L005,product
LST00167,L005-V08,L005,product
LST00168,L005-V09,L005,product
LST00169,L005-V09,L005,product
LST00170,L005-V09,L005,product
LST00171,L005-V09,L005,product
LST00172,L010-V01,L010,product
LST00173,L010-V01,L010,product
LST00174,L010-V01,L010,product
LST00175,L010-V01,L010,product
LST00176,L010-V01,L010,product
LST00177,L010-V02,L010,product
LST00178,L010-V02,L010,product
LST00179,L010-V02,L010,product
LST00180,L010-V02,L010,product
LST00181,L010-V03,L010,product
LST00182,L010-V03,L010,product
LST00183,L010-V03,L010,product
LST00184,L010-V03,L010,product
LST00185,L011-V01,L011,product
LST00186,L011-V01,L011,product
LST00187,L011-V01,L011,product
LST00188,L011-V01,L011,product
LST00189,L011-V01,L011,product
LST00190,L011-V02,L011,product
LST00191,L011-V02,L011,product
LST00192,L011-V02,L011,product
LST00193,L011-V02,L011,product
LST00194,L011-V02,L011,product
LST00195,L011-V02,L011,product
LST00196,L012-V01,L012,product
LST00197,L012-V01,L012,product
LST00198,L012-V01,L012,product
LST00199,L012-V01,L012,product
LST00200,L012-V02,L012,product
LST00201,L012-V02,L012,product
LST00202,L012-V02,L012,product
LST00203,L012-V02,L012,product
LST00204,L012-V02,L012,product
LST00205,L013-V01,L013,product
LST00206,L013-V01,L013,product
LST00207,L013-V01,L013,product
LST00208,L013-V01,L013,product
LST00209,L013-V01,L013,product
LST00210,L014-V01,L014,product
LST00211,L014-V01,L014,product
LST00212,L014-V01,L014,product
LST00213,L014-V01,L014,product
LST00214,L014-V02,L014,product
LST00215,L014-V02,L014,product
LST00216,L014-V02,L014,product
LST00217,L014-V02,L014,product
LST00218,L014-V02,L014,product
LST00219,L014-V03,L014,product
LST00220,L014-V03,L014,product
LST00221,L014-V03,L014,product
LST00222,L014-V03,L014,product
LST00223,L015-V01,L015,product
LST00224,L015-V01,L015,product
LST00225,L015-V01,L015,product
LST00226,L015-V02,L015,product
LST00227,L015-V02,L015,product
LST00228,L015-V02,L015,product
LST00229,L015-V02,L015,product
LST00230,L015-V02,L015,product
LST00231,L015-V02,L015,product
LST00232,L015-V03,L015,product
LST00233,L015-V03,L015,product
LST00234,L015-V03,L015,product
LST00235,L015-V03,L015,product
LST00236,L020-V01,L020,product
LST00237,L020-V01,L020,product
LST00238,L020-V01,L020,product
LST00239,L020-V02,L020,product
LST00240,L020-V02,L020,product
LST00241,L020-V02,L020,product
LST00242,L020-V02,L020,product
LST00243,L020-V03,L020,product
LST00244,L020-V03,L020,product
LST00245,L020-V03,L020,product
LST00246,L020-V03,L020,product
LST00247,L020-V03,L020,product
LST00248,L020-V04,L020,product
LST00249,L020-V04,L020,product
LST00250,L020-V04,L020,product
LST00251,L020-V04,L020,product
LST00252,L020-V04,L020,product
LST00253,L020-V05,L020,product
LST00254,L020-V05,L020,product
LST00255,L020-V05,L020,product
LST00256,L020-V05,L020,product
LST00257,L020-V05,L020,product
LST00258,L020-V05,L020,product
LST00259,L020-V06,L020,product
LST00260,L020-V06,L020,product
LST00261,L020-V06,L020,product
LST00262,L020-V06,L020,product
LST00263,L021-V01,L021,product
LST00264,L021-V01,L021,product
LST00265,L021-V02,L021,product
LST00266,L021-V02,L021,product
LST00267,L021-V02,L021,product
LST00268,L021-V02,L021,product
LST00269,L021-V02,L021,product
LST00270,L022-V01,L022,product
LST00271,L022-V01,L022,product
LST00272,L022-V01,L022,product
LST00273,L022-V01,L022,product
LST00274,L022-V01,L022,product
LST00275,L022-V01,L022,product
LST00276,L022-V02,L022,product
LST00277,L022-V02,L022,product
LST00278,L022-V02,L022,product
LST00279,L022-V02,L022,product
LST00280,L022-V02,L022,product
LST00281,L022-V02,L022,product
LST00282,L022-V02,L022,product
LST00283,L022-V03,L022,product
LST00284,L022-V03,L022,product
LST00285,L022-V03,L022,product
LST00286,L022-V03,L022,product
LST00287,L022-V03,L022,product
LST00288,L022-V03,L022,product
LST00289,L022-V04,L022,product
LST00290,L022-V04,L022,product
LST00291,L022-V04,L022,product
LST00292,L022-V04,L022,product
LST00293,L022-V04,L022,product
LST00294,L022-V04,L022,product
LST00295,L022-V04,L022,product
LST00296,L022-V05,L022,product
LST00297,L022-V05,L022,product
LST00298,L022-V05,L022,product
LST00299,L022-V05,L022,product
LST00300,L022-V06,L022,product
LST00301,L022-V06,L022,product
LST00302,L022-V06,L022,product
LST00303,L022-V06,L022,product
LST00304,L022-V06,L022,product
LST00305,L022-V06,L022,product
LST00306,L023-V01,L023,product
LST00307,L023-V01,L023,product
LST00308,L023-V01,L023,product
LST00309,L023-V02,L023,product
LST00310,L023-V02,L023,product
LST00311,L023-V02,L023,product
LST00312,L023-V02,L023,product
LST00313,L023-V02,L023,product
LST00314,L023-V02,L023,product
LST00315,L023-V03,L023,product
LST00316,L023-V03,L023,product
LST00317,L023-V03,L023,product
LST00318,L023-V03,L023,product
LST00319,L023-V03,L023,product
LST00320,L023-V03,L023,product
LST00321,L024-V01,L024,product
LST00322,L024-V01,L024,product
LST00323,L024-V02,L024,product
LST00324,L024-V02,L024,product
LST00325,L024-V02,L024,product
LST00326,L030-V01,L030,product
LST00327,L030-V01,L030,product
LST00328,L030-V01,L030,product
LST00329,L030-V01,L030,product
LST00330,L030-V01,L030,product
LST00331,L030-V01,L030,product
LST00332,L030-V01,L030,product
LST00333,L030-V02,L030,product
LST00334,L030-V02,L030,product
LST00335,L030-V02,L030,product
LST00336,L030-V02,L030,product
LST00337,L030-V03,L030,product
LST00338,L030-V03,L030,product
LST00339,L030-V03,L030,product
LST00340,L030-V03,L030,product
LST00341,L030-V03,L030,product
LST00342,L030-V04,L030,product
LST00343,L030-V04,L030,product
LST00344,L030-V04,L030,product
LST00345,L030-V04,L030,product
LST00346,L030-V04,L030,product
LST00347,L030-V04,L030,product
LST00348,L030-V05,L030,product
LST00349,L030-V05,L030,product
LST00350,L030-V05,L030,product
LST00351,L030-V05,L030,product
LST00352,L030-V05,L030,product
LST00353,L030-V05,L030,product
LST00354,L030-V05,L030,product
LST00355,L030-V06,L030,product
LST00356,L030-V06,L030,product
LST00357,L030-V06,L030,product
LST00358,L030-V06,L030,product
LST00359,L030-V06,L030,product
LST00360,L030-V07,L030,product
LST00361,L030-V07,L030,product
LST00362,L030-V07,L030,product
LST00363,L030-V07,L030,product
LST00364,L030-V07,L030,product
LST00365,L030-V07,L030,product
LST00366,L030-V07,L030,product
LST00367,L030-V08,L030,product
LST00368,L030-V08,L030,product
LST00369,L030-V08,L030,product
LST00370,L030-V09,L030,product
LST00371,L030-V09,L030,product
LST00372,L030-V09,L030,product
LST00373,L030-V09,L030,product
LST00374,L031-V01,L031,product
LST00375,L031-V01,L031,product
LST00376,L031-V01,L031,product
LST00377,L031-V01,L031,product
LST00378,L031-V02,L031,product
LST00379,L031-V02,L031,product
LST00380,L031-V02,L031,product
LST00381,L031-V02,L031,product
LST00382,L031-V02,L031,product
LST00383,L031-V03,L031,product
LST00384,L031-V03,L031,product
LST00385,L032-V01,L032,product
LST00386,L032-V01,L032,product
LST00387,L032-V01,L032,product
LST00388,L032-V02,L032,product
LST00389,L032-V02,L032,product
LST00390,L032-V02,L032,product
LST00391,L032-V02,L032,product
LST00392,L033-V01,L033,product
LST00393,L033-V01,L033,product
LST00394,L033-V01,L033,product
LST00395,L033-V01,L033,product
LST00396,L033-V01,L033,product
LST00397,L033-V02,L033,product
LST00398,L033-V02,L033,product
LST00399,L033-V02,L033,product
LST00400,L033-V02,L033,product
LST00401,L033-V03,L033,product
LST00402,L033-V03,L033,product
LST00403,L033-V03,L033,product
LST00404,L033-V03,L033,product
LST00405,L033-V03,L033,product
LST00406,L033-V03,L033,product
LST00407,L033-V03,L033,product
LST00408,L040-V01,L040,product
LST00409,L040-V01,L040,product
LST00410,L040-V01,L040,product
LST00411,L040-V01,L040,product
LST00412,L040-V01,L040,product
LST00413,L040-V01,L040,product
LST00414,L040-V02,L040,product
LST00415,L040-V02,L040,product
LST00416,L040-V02,L040,product
LST00417,L040-V02,L040,product
LST00418,L040-V02,L040,product
LST00419,L040-V02,L040,product
LST00420,L040-V02,L040,product
LST00421,L040-V03,L040,product
LST00422,L040-V03,L040,product
LST00423,L040-V03,L040,product
LST00424,L040-V03,L040,product
LST00425,L040-V03,L040,product
LST00426,L041-V01,L041,product
LST00427,L041-V01,L041,product
LST00428,L041-V01,L041,product
LST00429,L041-V01,L041,product
LST00430,L041-V01,L041,product
LST00431,L041-V02,L041,product
LST00432,L041-V02,L041,product
LST00433,L041-V02,L041,product
LST00434,L041-V02,L041,product
LST00435,L041-V03,L041,product
LST00436,L041-V03,L041,product
LST00437,L041-V03,L041,product
LST00438,L041-V03,L041,product
LST00439,L041-V03,L041,product
LST00440,L041-V03,L041,product
LST00441,L042-V01,L042,product
LST00442,L042-V01,L042,product
LST00443,L042-V01,L042,product
LST00444,L042-V01,L042,product
LST00445,L042-V01,L042,product
LST00446,L042-V01,L042,product
LST00447,L042-V01,L042,product
LST00448,L042-V02,L042,product
LST00449,L042-V02,L042,product
LST00450,L042-V02,L042,product
LST00451,L042-V02,L042,product
LST00452,L042-V03,L042,product
LST00453,L042-V03,L042,product
LST00454,L042-V03,L042,product
LST00455,L042-V03,L042,product
LST00456,L043-V01,L043,product
LST00457,L043-V01,L043,product
LST00458,L043-V01,L043,product
LST00459,L043-V01,L043,product
LST00460,L043-V02,L043,product
LST00461,L043-V02,L043,product
LST00462,L043-V02,L043,product
LST00463,L043-V02,L043,product
LST00464,L043-V02,L043,product
LST00465,L043-V02,L043,product
LST00466,L043-V03,L043,product
LST00467,L043-V03,L043,product
LST00468,L043-V03,L043,product
LST00469,L043-V03,L043,product
LST00470,L044-V01,L044,product
LST00471,L044-V01,L044,product
LST00472,L044-V01,L044,product
LST00473,L044-V01,L044,product
LST00474,L044-V01,L044,product
LST00475,L050-V01,L050,product
LST00476,L050-V01,L050,product
LST00477,L050-V01,L050,product
LST00478,L050-V02,L050,product
LST00479,L050-V02,L050,product
LST00480,L050-V02,L050,product
LST00481,L050-V02,L050,product
LST00482,L050-V02,L050,product
LST00483,L050-V02,L050,product
LST00484,L050-V03,L050,product
LST00485,L050-V03,L050,product
LST00486,L050-V03,L050,product
LST00487,L050-V03,L050,product
LST00488,L050-V03,L050,product
LST00489,L050-V03,L050,product
LST00490,L050-V03,L050,product
LST00491,L050-V04,L050,product
LST00492,L050-V04,L050,product
LST00493,L050-V04,L050,product
LST00494,L050-V04,L050,product
LST00495,L050-V04,L050,product
LST00496,L050-V04,L050,product
LST00497,L050-V04,L050,product
LST00498,L051-V01,L051,product
LST00499,L051-V01,L051,product
LST00500,L051-V01,L051,product
LST00501,L051-V02,L051,product
LST00502,L051-V02,L051,product
LST00503,L051-V02,L051,product
LST00504,L051-V02,L051,product
LST00505,L051-V03,L051,product
LST00506,L051-V03,L051,product
LST00507,L051-V03,L051,product
LST00508,L051-V03,L051,product
LST00509,L052-V01,L052,product
LST00510,L052-V01,L052,product
LST00511,L052-V01,L052,product
LST00512,L052-V01,L052,product
LST00513,L052-V01,L052,product
LST00514,L052-V01,L052,product
LST00515,L052-V01,L052,product
LST00516,L052-V02,L052,product
LST00517,L052-V02,L052,product
LST00518,L052-V02,L052,product
LST00519,L052-V02,L052,product
LST00520,L052-V02,L052,product
LST00521,L053-V01,L053,product
LST00522,L053-V01,L053,product
LST00523,L053-V01,L053,product
LST00524,L053-V01,L053,product
LST00525,L053-V01,L053,product
LST00526,L053-V01,L053,product
LST00527,L053-V02,L053,product
LST00528,L053-V02,L053,product
LST00529,L053-V02,L053,product
LST00530,L053-V02,L053,product
LST00531,L053-V02,L053,product
LST00532,L053-V02,L053,product
LST00533,L060-V01,L060,product
LST00534,L060-V01,L060,product
LST00535,L060-V01,L060,product
LST00536,L060-V01,L060,product
LST00537,L060-V02,L060,product
LST00538,L060-V02,L060,product
LST00539,L060-V02,L060,product
LST00540,L060-V02,L060,product
LST00541,L060-V03,L060,product
LST00542,L060-V03,L060,product
LST00543,L060-V03,L060,product
LST00544,L061-V01,L061,product
LST00545,L061-V01,L061,product
LST00546,L061-V01,L061,product
LST00547,L061-V01,L061,product
LST00548,L061-V01,L061,product
LST00549,L061-V02,L061,product
LST00550,L061-V02,L061,product
LST00551,L061-V02,L061,product
LST00552,L061-V02,L061,product
LST00553,L061-V02,L061,product
LST00554,L061-V03,L061,product
LST00555,L061-V03,L061,product
LST00556,L061-V03,L061,product
LST00557,L061-V03,L061,product
LST00558,L061-V03,L061,product
LST00559,L062-V01,L062,product
LST00560,L062-V01,L062,product
LST00561,L062-V01,L062,product
LST00562,L062-V01,L062,product
LST00563,L062-V02,L062,product
LST00564,L062-V02,L062,product
LST00565,L062-V02,L062,product
LST00566,L062-V02,L062,product
LST00567,L062-V02,L062,product
LST00568,L062-V02,L062,product
LST00569,L062-V02,L062,product
LST00570,L062-V03,L062,product
LST00571,L062-V03,L062,product
LST00572,L062-V03,L062,product
LST00573,L062-V03,L062,product
LST00574,L062-V03,L062,product
LST00575,L062-V04,L062,product
LST00576,L062-V04,L062,product
LST00577,L062-V04,L062,product
LST00578,L062-V04,L062,product
LST00579,L063-V01,L063,product
LST00580,L063-V01,L063,product
LST00581,L063-V01,L063,product
LST00582,L063-V01,L063,product
LST00583,L063-V02,L063,product
LST00584,L063-V02,L063,product
LST00585,L063-V02,L063,product
LST00586,L063-V02,L063,product
LST00587,L063-V02,L063,product
LST00588,L063-V03,L063,product
LST00589,L063-V03,L063,product
LST00590,L063-V03,L063,product
LST00591,L063-V03,L063,product
LST00592,L063-V03,L063,product
LST00593,L063-V03,L063,product
LST00594,L070-V01,L070,product
LST00595,L070-V01,L070,product
LST00596,L070-V01,L070,product
LST00597,L070-V02,L070,product
LST00598,L070-V02,L070,product
LST00599,L070-V02,L070,product
LST00600,L070-V02,L070,product
LST00601,L070-V03,L070,product
LST00602,L070-V03,L070,product
LST00603,L070-V03,L070,product
LST00604,L070-V03,L070,product
LST00605,L070-V03,L070,product
LST00606,L070-V03,L070,product
LST00607,L071-V01,L071,product
LST00608,L071-V01,L071,product
LST00609,L071-V01,L071,product
LST00610,L071-V01,L071,product
LST00611,L071-V01,L071,product
LST00612,L071-V01,L071,product
LST00613,L071-V01,L071,product
LST00614,L071-V02,L071,product
LST00615,L071-V02,L071,product
LST00616,L071-V02,L071,product
LST00617,L071-V02,L071,product
LST00618,L071-V03,L071,product
LST00619,L071-V03,L071,product
LST00620,L071-V03,L071,product
LST00621,L071-V03,L071,product
LST00622,L072-V01,L072,product
LST00623,L072-V01,L072,product
LST00624,L072-V01,L072,product
LST00625,L072-V01,L072,product
LST00626,L072-V02,L072,product
LST00627,L072-V02,L072,product
LST00628,L072-V02,L072,product
LST00629,L072-V02,L072,product
LST00630,L072-V02,L072,product
LST00631,L073-V01,L073,product
LST00632,L073-V01,L073,product
LST00633,L073-V01,L073,product
LST00634,L073-V01,L073,product
LST00635,L074-V01,L074,product
LST00636,L074-V01,L074,product
LST00637,L074-V01,L074,product
LST00638,L074-V02,L074,product
LST00639,L074-V02,L074,product
LST00640,L074-V02,L074,product
LST00641,L074-V02,L074,product
LST00642,L074-V02,L074,product
LST00643,L074-V02,L074,product
LST00644,L075-V01,L075,product
LST00645,L075-V01,L075,product
LST00646,L075-V01,L075,product
LST00647,L075-V01,L075,product
LST00648,L075-V01,L075,product
LST00649,L075-V01,L075,product
LST00650,L075-V02,L075,product
LST00651,L075-V02,L075,product
LST00652,L075-V02,L075,product
LST00653,L075-V03,L075,product
LST00654,L075-V03,L075,product
LST00655,L075-V03,L075,product
LST00656,L075-V03,L075,product
LST00657,L075-V03,L075,product
LST00658,L080-V01,L080,product
LST00659,L080-V01,L080,product
LST00660,L080-V01,L080,product
LST00661,L080-V01,L080,product
LST00662,L080-V01,L080,product
LST00663,L080-V01,L080,product
LST00664,L080-V02,L080,product
LST00665,L080-V02,L080,product
LST00666,L080-V02,L080,product
LST00667,L080-V03,L080,product
LST00668,L080-V03,L080,product
LST00669,L080-V03,L080,product
LST00670,L080-V03,L080,product
LST00671,L081-V01,L081,product
LST00672,L081-V01,L081,product
LST00673,L081-V01,L081,product
LST00674,L081-V01,L081,product
LST00675,L081-V02,L081,product
LST00676,L081-V02,L081,product
LST00677,L081-V02,L081,product
LST00678,L081-V02,L081,product
LST00679,L081-V03,L081,product
LST00680,L081-V03,L081,product
LST00681,L082-V01,L082,product
LST00682,L082-V01,L082,product
LST00683,L082-V01,L082,product
LST00684,L082-V01,L082,product
LST00685,L082-V02,L082,product
LST00686,L082-V02,L082,product
LST00687,L082-V02,L082,product
LST00688,L082-V02,L082,product
LST00689,L083-V01,L083,product
LST00690,L083-V01,L083,product
LST00691,L083-V01,L083,product
LST00692,L083-V02,L083,product
LST00693,L083-V02,L083,product
LST00694,L083-V03,L083,product
LST00695,L083-V03,L083,product
LST00696,L083-V03,L083,product
LST00697,L083-V03,L083,product
LST00698,L083-V03,L083,product
LST00699,L084-V01,L084,product
LST00700,L084-V01,L084,product
LST00701,L084-V01,L084,product
LST00702,L084-V02,L084,product
LST00703,L084-V02,L084,product
LST00704,L084-V02,L084,product
LST00705,L084-V02,L084,product
LST00706,L084-V02,L084,product
LST00707,L084-V03,L084,product
LST00708,L084-V03,L084,product
LST00709,L084-V03,L084,product
LST00710,L084-V03,L084,product
LST00711,L090-V01,L090,product
LST00712,L090-V01,L090,product
LST00713,L090-V01,L090,product
LST00714,L090-V01,L090,product
LST00715,L090-V01,L090,product
LST00716,L090-V01,L090,product
LST00717,L091-V01,L091,product
LST00718,L091-V01,L091,product
LST00719,L091-V01,L091,product
LST00720,L091-V01,L091,product
LST00721,L091-V01,L091,product
LST00722,L092-V01,L092,product
LST00723,L092-V01,L092,product
LST00724,L092-V01,L092,product
LST00725,L092-V01,L092,product
LST00726,L092-V02,L092,product
LST00727,L092-V02,L092,product
LST00728,L092-V02,L092,product
LST00729,L092-V02,L092,product
LST00730,L092-V02,L092,product
LST00731,L092-V02,L092,product
LST00732,L092-V02,L092,product
LST00733,A010-V01,A010,accessory
LST00734,A010-V01,A010,accessory
LST00735,A010-V01,A010,accessory
LST00736,A010-V01,A010,accessory
LST00737,A010-V02,A010,accessory
LST00738,A010-V02,A010,accessory
LST00739,A010-V02,A010,accessory
LST00740,A010-V02,A010,accessory
LST00741,A010-V02,A010,accessory
LST00742,A011-V01,A011,accessory
LST00743,A011-V01,A011,accessory
LST00744,A012-V01,A012,accessory
LST00745,A012-V01,A012,accessory
LST00746,A012-V01,A012,accessory
LST00747,A012-V02,A012,accessory
LST00748,A012-V02,A012,accessory
LST00749,A012-V02,A012,accessory
LST00750,A012-V02,A012,accessory
LST00751,A012-V02,A012,accessory
LST00752,A012-V02,A012,accessory
LST00753,A012-V02,A012,accessory
LST00754,A013-V01,A013,accessory
LST00755,A013-V01,A013,accessory
LST00756,A013-V01,A013,accessory
LST00757,A013-V01,A013,accessory
LST00758,A013-V01,A013,accessory
LST00759,A013-V02,A013,accessory
LST00760,A013-V02,A013,accessory
LST00761,A014-V01,A014,accessory
LST00762,A014-V01,A014,accessory
LST00763,A014-V01,A014,accessory
LST00764,A014-V01,A014,accessory
LST00765,A014-V01,A014,accessory
LST00766,A014-V01,A014,accessory
LST00767,A014-V02,A014,accessory
LST00768,A014-V02,A014,accessory
LST00769,A014-V02,A014,accessory
LST00770,A014-V02,A014,accessory
LST00771,A015-V01,A015,accessory
LST00772,A015-V01,A015,accessory
LST00773,A015-V01,A015,accessory
LST00774,A015-V01,A015,accessory
LST00775,A015-V01,A015,accessory
LST00776,A015-V01,A015,accessory
LST00777,A015-V01,A015,accessory
LST00778,A015-V02,A015,accessory
LST00779,A015-V02,A015,accessory
LST00780,A015-V02,A015,accessory
LST00781,A015-V02,A015,accessory
LST00782,A015-V02,A015,accessory
LST00783,A016-V01,A016,accessory
LST00784,A016-V01,A016,accessory
LST00785,A016-V01,A016,accessory
LST00786,A016-V01,A016,accessory
LST00787,A016-V01,A016,accessory
LST00788,A016-V01,A016,accessory
LST00789,A016-V02,A016,accessory
LST00790,A016-V02,A016,accessory
LST00791,A016-V02,A016,accessory
LST00792,A016-V02,A016,accessory
LST00793,A016-V02,A016,accessory
LST00794,A016-V02,A016,accessory
LST00795,A016-V03,A016,accessory
LST00796,A016-V03,A016,accessory
LST00797,A016-V03,A016,accessory
LST00798,A017-V01,A017,accessory
LST00799,A017-V01,A017,accessory
LST00800,A017-V01,A017,accessory
LST00801,A017-V02,A017,accessory
LST00802,A017-V02,A017,accessory
LST00803,A017-V02,A017,accessory
LST00804,A017-V02,A017,accessory
LST00805,A017-V02,A017,accessory
LST00806,A017-V02,A017,accessory
LST00807,A017-V02,A017,accessory
LST00808,A018-V01,A018,accessory
LST00809,A018-V01,A018,accessory
LST00810,A018-V01,A018,accessory
LST00811,A018-V01,A018,accessory
LST00812,A018-V01,A018,accessory
LST00813,A018-V02,A018,accessory
LST00814,A018-V02,A018,accessory
LST00815,A018-V02,A018,accessory
LST00816,A018-V02,A018,accessory
LST00817,A018-V02,A018,accessory
LST00818,A018-V02,A018,accessory
LST00819,A019-V01,A019,accessory
LST00820,A019-V01,A019,accessory
LST00821,A019-V01,A019,accessory
LST00822,A019-V01,A019,accessory
LST00823,A019-V01,A019,accessory
LST00824,A019-V01,A019,accessory
LST00825,A019-V02,A019,accessory
LST00826,A019-V02,A019,accessory
LST00827,A019-V02,A019,accessory
LST00828,A019-V02,A019,accessory
